-- phpMyAdmin SQL Dump
-- version 5.2.1
-- https://www.phpmyadmin.net/
--
-- Máy chủ: 127.0.0.1
-- Thời gian đã tạo: Th7 13, 2023 lúc 01:58 PM
-- Phiên bản máy phục vụ: 10.4.28-MariaDB
-- Phiên bản PHP: 8.2.4

SET SQL_MODE = "NO_AUTO_VALUE_ON_ZERO";
START TRANSACTION;
SET time_zone = "+00:00";


/*!40101 SET @OLD_CHARACTER_SET_CLIENT=@@CHARACTER_SET_CLIENT */;
/*!40101 SET @OLD_CHARACTER_SET_RESULTS=@@CHARACTER_SET_RESULTS */;
/*!40101 SET @OLD_COLLATION_CONNECTION=@@COLLATION_CONNECTION */;
/*!40101 SET NAMES utf8mb4 */;

--
-- Cơ sở dữ liệu: `hbwebsite`
--

-- --------------------------------------------------------

--
-- Cấu trúc bảng cho bảng `admin_cred`
--

CREATE TABLE `admin_cred` (
  `sr_no` int(11) NOT NULL,
  `admin_name` varchar(150) NOT NULL,
  `admin_pass` varchar(150) NOT NULL
) ENGINE=InnoDB DEFAULT CHARSET=utf8mb4 COLLATE=utf8mb4_general_ci;

--
-- Đang đổ dữ liệu cho bảng `admin_cred`
--

INSERT INTO `admin_cred` (`sr_no`, `admin_name`, `admin_pass`) VALUES
(1, 'admin', '1');

-- --------------------------------------------------------

--
-- Cấu trúc bảng cho bảng `booking_details`
--

CREATE TABLE `booking_details` (
  `sr_no` int(11) NOT NULL,
  `booking_id` int(11) NOT NULL,
  `room_name` varchar(100) NOT NULL,
  `price` int(11) NOT NULL,
  `total_pay` int(11) NOT NULL,
  `room_no` varchar(100) DEFAULT NULL,
  `user_name` varchar(100) NOT NULL,
  `phonenum` varchar(100) NOT NULL,
  `address` varchar(150) NOT NULL
) ENGINE=InnoDB DEFAULT CHARSET=utf8mb4 COLLATE=utf8mb4_general_ci;

--
-- Đang đổ dữ liệu cho bảng `booking_details`
--

INSERT INTO `booking_details` (`sr_no`, `booking_id`, `room_name`, `price`, `total_pay`, `room_no`, `user_name`, `phonenum`, `address`) VALUES
(3, 3, 'Phòng Cao Cấp', 300, 5700, NULL, 'Phạm Long', '123', '123'),
(4, 4, 'Phòng Hiện Đại', 150, 150, NULL, 'Phạm Long', '123', '123'),
(5, 5, 'Phòng Sang Trọng', 200, 1600, NULL, 'ad', '1', '1'),
(6, 6, 'Phòng Đơn Giản', 100, 100, NULL, 'Phạm Long', '123', '123'),
(7, 7, 'Phòng Đơn Giản', 100, 100, NULL, 'Phạm Long', '123', '123'),
(8, 8, 'Phòng Đơn Giản', 100, 200, NULL, 'Phạm Duy Đức', '123', '123');

-- --------------------------------------------------------

--
-- Cấu trúc bảng cho bảng `booking_order`
--

CREATE TABLE `booking_order` (
  `booking_id` int(11) NOT NULL,
  `user_id` int(11) NOT NULL,
  `room_id` int(11) NOT NULL,
  `check_in` date NOT NULL,
  `check_out` date NOT NULL,
  `arrival` int(11) NOT NULL DEFAULT 0,
  `refund` int(11) DEFAULT NULL,
  `booking_status` varchar(100) NOT NULL DEFAULT 'pending',
  `order_id` varchar(150) NOT NULL,
  `trans_id` varchar(200) DEFAULT NULL,
  `trans_amt` int(11) NOT NULL,
  `trans_status` varchar(100) NOT NULL DEFAULT 'pending',
  `trans_resp_msg` varchar(200) DEFAULT NULL,
  `datentime` datetime NOT NULL DEFAULT current_timestamp()
) ENGINE=InnoDB DEFAULT CHARSET=utf8mb4 COLLATE=utf8mb4_general_ci;

--
-- Đang đổ dữ liệu cho bảng `booking_order`
--

INSERT INTO `booking_order` (`booking_id`, `user_id`, `room_id`, `check_in`, `check_out`, `arrival`, `refund`, `booking_status`, `order_id`, `trans_id`, `trans_amt`, `trans_status`, `trans_resp_msg`, `datentime`) VALUES
(3, 9, 5, '2023-07-13', '2023-08-01', 0, NULL, 'booked', 'ORD_9364680', NULL, 0, 'pending', NULL, '2023-07-13 10:23:47'),
(4, 9, 6, '2023-07-13', '2023-07-14', 0, NULL, 'booked', 'ORD_91924793', NULL, 0, 'pending', NULL, '2023-07-13 11:34:59'),
(5, 9, 4, '2023-07-14', '2023-07-22', 0, 0, 'cancelled', 'ORD_94558884', NULL, 0, 'pending', NULL, '2023-07-13 13:46:19'),
(6, 9, 3, '2023-07-13', '2023-07-14', 0, NULL, 'pending', 'ORD_99150773', NULL, 0, 'pending', NULL, '2023-07-13 16:58:07'),
(7, 9, 3, '2023-07-13', '2023-07-14', 0, NULL, 'pending', 'ORD_97781206', NULL, 0, 'pending', NULL, '2023-07-13 16:59:19'),
(8, 9, 3, '2023-07-13', '2023-07-15', 0, NULL, 'pending', 'ORD_96929394', NULL, 0, 'pending', NULL, '2023-07-13 17:06:42');

-- --------------------------------------------------------

--
-- Cấu trúc bảng cho bảng `carousel`
--

CREATE TABLE `carousel` (
  `sr_no` int(11) NOT NULL,
  `image` varchar(150) NOT NULL
) ENGINE=InnoDB DEFAULT CHARSET=utf8mb4 COLLATE=utf8mb4_general_ci;

--
-- Đang đổ dữ liệu cho bảng `carousel`
--

INSERT INTO `carousel` (`sr_no`, `image`) VALUES
(5, '1.png'),
(6, '2.png'),
(7, '3.png'),
(8, '4.png'),
(9, '5.png'),
(10, '6.png');

-- --------------------------------------------------------

--
-- Cấu trúc bảng cho bảng `contact_details`
--

CREATE TABLE `contact_details` (
  `sr_no` int(11) NOT NULL,
  `address` varchar(50) NOT NULL,
  `gmap` varchar(100) NOT NULL,
  `pn1` bigint(20) NOT NULL,
  `pn2` bigint(20) NOT NULL,
  `email` varchar(100) NOT NULL,
  `fb` varchar(100) NOT NULL,
  `insta` varchar(100) NOT NULL,
  `tw` varchar(100) NOT NULL,
  `iframe` varchar(300) NOT NULL
) ENGINE=InnoDB DEFAULT CHARSET=utf8mb4 COLLATE=utf8mb4_general_ci;

--
-- Đang đổ dữ liệu cho bảng `contact_details`
--

INSERT INTO `contact_details` (`sr_no`, `address`, `gmap`, `pn1`, `pn2`, `email`, `fb`, `insta`, `tw`, `iframe`) VALUES
(1, 'Tỉnh Lào Cai', 'https://goo.gl/maps/oco6mWTWAy3UX6ru8', 91777888999, 91777888999, 'ask.phamduclc3@gmail.com', 'https://www.facebook.com/phlong1408', 'https://www.instagram.com/phlong1408_/', 'https://twitter.com/?lang=vi', 'https://www.google.com/maps/embed?pb=!1m14!1m8!1m3!1d944596.1882170818!2d104.079418!3d22.36009!3m2!1i1024!2i768!4f13.1!3m3!1m2!1s0x36cd15b54212a913:0xfe709c58b76a9605!2zVHAuIEzDoG8gQ2FpLCBMw6BvIENhaSwgVmnhu4d0IE5hbQ!5e0!3m2!1svi!2sus!4v1687248695238!5m2!1svi!2sus');

-- --------------------------------------------------------

--
-- Cấu trúc bảng cho bảng `facilities`
--

CREATE TABLE `facilities` (
  `id` int(11) NOT NULL,
  `icon` varchar(100) NOT NULL,
  `name` varchar(50) NOT NULL,
  `description` varchar(250) NOT NULL
) ENGINE=InnoDB DEFAULT CHARSET=utf8mb4 COLLATE=utf8mb4_general_ci;

--
-- Đang đổ dữ liệu cho bảng `facilities`
--

INSERT INTO `facilities` (`id`, `icon`, `name`, `description`) VALUES
(2, 'wifi.svg', 'Wifi', ''),
(3, 'Air_conditioner.svg', 'Điều hòa', ''),
(4, 'Television.svg', 'Tivi', ''),
(5, 'Geyser.svg', 'Bình nóng lạnh', ''),
(6, 'Spa.svg', 'Spa', ''),
(7, 'Room_heater.svg', 'Máy sưởi phòng', '');

-- --------------------------------------------------------

--
-- Cấu trúc bảng cho bảng `features`
--

CREATE TABLE `features` (
  `id` int(11) NOT NULL,
  `name` varchar(50) NOT NULL
) ENGINE=InnoDB DEFAULT CHARSET=utf8mb4 COLLATE=utf8mb4_general_ci;

--
-- Đang đổ dữ liệu cho bảng `features`
--

INSERT INTO `features` (`id`, `name`) VALUES
(2, 'Phòng ngủ'),
(3, 'Ban công'),
(4, 'Phòng bếp');

-- --------------------------------------------------------

--
-- Cấu trúc bảng cho bảng `rooms`
--

CREATE TABLE `rooms` (
  `id` int(11) NOT NULL,
  `name` varchar(150) NOT NULL,
  `area` int(11) NOT NULL,
  `price` int(11) NOT NULL,
  `quantity` int(11) NOT NULL,
  `adult` int(11) NOT NULL,
  `children` int(11) NOT NULL,
  `description` varchar(350) NOT NULL,
  `status` tinyint(4) NOT NULL DEFAULT 1,
  `removed` int(11) NOT NULL DEFAULT 0
) ENGINE=InnoDB DEFAULT CHARSET=utf8mb4 COLLATE=utf8mb4_general_ci;

--
-- Đang đổ dữ liệu cho bảng `rooms`
--

INSERT INTO `rooms` (`id`, `name`, `area`, `price`, `quantity`, `adult`, `children`, `description`, `status`, `removed`) VALUES
(1, 'ad', 1, 1, 1, 1, 1, 'ad', 1, 1),
(2, 'ad 2', 1, 1, 1, 1, 1, 'ad', 1, 1),
(3, 'Phòng Đơn Giản', 1, 100, 2, 2, 1, 'ổn', 1, 0),
(4, 'Phòng Sang Trọng', 2, 200, 2, 3, 2, 'oke', 1, 0),
(5, 'Phòng Cao Cấp', 3, 300, 3, 5, 3, 'oke', 1, 0),
(6, 'Phòng Hiện Đại', 4, 150, 2, 3, 2, 'ổn', 1, 0);

-- --------------------------------------------------------

--
-- Cấu trúc bảng cho bảng `room_facilities`
--

CREATE TABLE `room_facilities` (
  `sr_no` int(11) NOT NULL,
  `room_id` int(11) NOT NULL,
  `facilities_id` int(11) NOT NULL
) ENGINE=InnoDB DEFAULT CHARSET=utf8mb4 COLLATE=utf8mb4_general_ci;

--
-- Đang đổ dữ liệu cho bảng `room_facilities`
--

INSERT INTO `room_facilities` (`sr_no`, `room_id`, `facilities_id`) VALUES
(24, 4, 2),
(25, 4, 4),
(26, 4, 7),
(27, 5, 2),
(28, 5, 3),
(29, 5, 4),
(30, 5, 5),
(31, 5, 6),
(32, 5, 7),
(38, 6, 2),
(39, 6, 3),
(40, 6, 4),
(41, 6, 6),
(42, 6, 7),
(45, 3, 2),
(46, 3, 3);

-- --------------------------------------------------------

--
-- Cấu trúc bảng cho bảng `room_features`
--

CREATE TABLE `room_features` (
  `sr_no` int(11) NOT NULL,
  `room_id` int(11) NOT NULL,
  `features_id` int(11) NOT NULL
) ENGINE=InnoDB DEFAULT CHARSET=utf8mb4 COLLATE=utf8mb4_general_ci;

--
-- Đang đổ dữ liệu cho bảng `room_features`
--

INSERT INTO `room_features` (`sr_no`, `room_id`, `features_id`) VALUES
(21, 4, 2),
(22, 4, 3),
(23, 4, 4),
(24, 5, 2),
(25, 5, 3),
(26, 5, 4),
(29, 6, 2),
(30, 6, 4),
(32, 3, 2);

-- --------------------------------------------------------

--
-- Cấu trúc bảng cho bảng `room_images`
--

CREATE TABLE `room_images` (
  `sr_no` int(11) NOT NULL,
  `room_id` int(11) NOT NULL,
  `image` varchar(150) NOT NULL,
  `thumb` tinyint(4) NOT NULL DEFAULT 0
) ENGINE=InnoDB DEFAULT CHARSET=utf8mb4 COLLATE=utf8mb4_general_ci;

--
-- Đang đổ dữ liệu cho bảng `room_images`
--

INSERT INTO `room_images` (`sr_no`, `room_id`, `image`, `thumb`) VALUES
(4, 3, 'IMG_98359.png', 1),
(5, 4, 'IMG_55093.png', 1),
(6, 3, 'IMG_85043.jpg', 0),
(7, 6, 'IMG_53215.png', 1),
(8, 5, 'IMG_75800.png', 1);

-- --------------------------------------------------------

--
-- Cấu trúc bảng cho bảng `settings`
--

CREATE TABLE `settings` (
  `sr_no` int(11) NOT NULL,
  `site_title` varchar(50) NOT NULL,
  `site_about` varchar(250) NOT NULL,
  `shutdown` tinyint(1) NOT NULL
) ENGINE=InnoDB DEFAULT CHARSET=utf8mb4 COLLATE=utf8mb4_general_ci;

--
-- Đang đổ dữ liệu cho bảng `settings`
--

INSERT INTO `settings` (`sr_no`, `site_title`, `site_about`, `shutdown`) VALUES
(1, 'Travel website', 'la trang web cua Duc', 0);

-- --------------------------------------------------------

--
-- Cấu trúc bảng cho bảng `team_details`
--

CREATE TABLE `team_details` (
  `sr_no` int(11) NOT NULL,
  `name` varchar(50) NOT NULL,
  `picture` varchar(150) NOT NULL
) ENGINE=InnoDB DEFAULT CHARSET=utf8mb4 COLLATE=utf8mb4_general_ci;

--
-- Đang đổ dữ liệu cho bảng `team_details`
--

INSERT INTO `team_details` (`sr_no`, `name`, `picture`) VALUES
(9, 'new', 'IMG_23332.png'),
(10, 'dfsdg', 'IMG_12457.png');

-- --------------------------------------------------------

--
-- Cấu trúc bảng cho bảng `user_cred`
--

CREATE TABLE `user_cred` (
  `id` int(11) NOT NULL,
  `name` varchar(100) NOT NULL,
  `email` varchar(150) NOT NULL,
  `address` varchar(120) NOT NULL,
  `phonenum` varchar(100) NOT NULL,
  `pincode` int(11) NOT NULL,
  `dob` date NOT NULL,
  `profile` varchar(100) NOT NULL,
  `password` varchar(200) NOT NULL,
  `is_verified` int(11) NOT NULL DEFAULT 0,
  `token` varchar(200) DEFAULT NULL,
  `t_expire` date DEFAULT NULL,
  `status` int(11) NOT NULL DEFAULT 1,
  `datentime` datetime NOT NULL DEFAULT current_timestamp()
) ENGINE=InnoDB DEFAULT CHARSET=utf8mb4 COLLATE=utf8mb4_general_ci;

--
-- Đang đổ dữ liệu cho bảng `user_cred`
--

INSERT INTO `user_cred` (`id`, `name`, `email`, `address`, `phonenum`, `pincode`, `dob`, `profile`, `password`, `is_verified`, `token`, `t_expire`, `status`, `datentime`) VALUES
(9, 'Phạm Duy Đức', 'ad@gmail.com', '123', '123', 123, '2023-08-01', 'IMG_15682.jpeg', '$2y$10$I9CWG1Sxc.L9AetBiAJZk.qNKQH0/4OKtjKnaCP9XeuozcHGdX2W.', 1, '565c6381d178d5e8da4d887b118b96fd', NULL, 1, '2023-07-12 15:02:17');

-- --------------------------------------------------------

--
-- Cấu trúc bảng cho bảng `user_queries`
--

CREATE TABLE `user_queries` (
  `sr_no` int(11) NOT NULL,
  `name` varchar(50) NOT NULL,
  `email` varchar(150) NOT NULL,
  `subject` varchar(200) NOT NULL,
  `message` varchar(500) NOT NULL,
  `date` date NOT NULL DEFAULT current_timestamp(),
  `seen` tinyint(4) NOT NULL DEFAULT 0
) ENGINE=InnoDB DEFAULT CHARSET=utf8mb4 COLLATE=utf8mb4_general_ci;

--
-- Đang đổ dữ liệu cho bảng `user_queries`
--

INSERT INTO `user_queries` (`sr_no`, `name`, `email`, `subject`, `message`, `date`, `seen`) VALUES
(12, 'Phạm Long', 'ducpd@weatherplus.vn', 'a', 'Lorem ipsum dolor sit amet, consectetur adipisicing elit. Quos voluptate vero sed tempore illo atque beatae asperiores, adipisci dicta quia nisi voluptates impedit perspiciatis, nobis libero culpa error officiis totam?', '2023-06-23', 1),
(13, 'Phạm Duy Đức', 'taopronhat1102@gmail.com', 'a', 'Lorem ipsum dolor sit amet, consectetur adipisicing elit. Quos voluptate vero sed tempore illo atque beatae asperiores, adipisci dicta quia nisi voluptates impedit perspiciatis, nobis libero culpa error officiis totam?', '2023-06-23', 1),
(14, 'T1 Zeus', 'cuongdauriu@gmail.com', 'a', 'Lorem ipsum dolor sit amet, consectetur adipisicing elit. Quos voluptate vero sed tempore illo atque beatae asperiores, adipisci dicta quia nisi voluptates impedit perspiciatis, nobis libero culpa error officiis totam?', '2023-06-23', 1);

--
-- Chỉ mục cho các bảng đã đổ
--

--
-- Chỉ mục cho bảng `admin_cred`
--
ALTER TABLE `admin_cred`
  ADD PRIMARY KEY (`sr_no`);

--
-- Chỉ mục cho bảng `booking_details`
--
ALTER TABLE `booking_details`
  ADD PRIMARY KEY (`sr_no`),
  ADD KEY `booking_id` (`booking_id`);

--
-- Chỉ mục cho bảng `booking_order`
--
ALTER TABLE `booking_order`
  ADD PRIMARY KEY (`booking_id`),
  ADD KEY `user_id` (`user_id`),
  ADD KEY `room_id` (`room_id`);

--
-- Chỉ mục cho bảng `carousel`
--
ALTER TABLE `carousel`
  ADD PRIMARY KEY (`sr_no`);

--
-- Chỉ mục cho bảng `contact_details`
--
ALTER TABLE `contact_details`
  ADD PRIMARY KEY (`sr_no`);

--
-- Chỉ mục cho bảng `facilities`
--
ALTER TABLE `facilities`
  ADD PRIMARY KEY (`id`);

--
-- Chỉ mục cho bảng `features`
--
ALTER TABLE `features`
  ADD PRIMARY KEY (`id`);

--
-- Chỉ mục cho bảng `rooms`
--
ALTER TABLE `rooms`
  ADD PRIMARY KEY (`id`);

--
-- Chỉ mục cho bảng `room_facilities`
--
ALTER TABLE `room_facilities`
  ADD PRIMARY KEY (`sr_no`),
  ADD KEY `facilities id` (`facilities_id`),
  ADD KEY `room id` (`room_id`);

--
-- Chỉ mục cho bảng `room_features`
--
ALTER TABLE `room_features`
  ADD PRIMARY KEY (`sr_no`),
  ADD KEY `rm id` (`room_id`),
  ADD KEY `features id` (`features_id`);

--
-- Chỉ mục cho bảng `room_images`
--
ALTER TABLE `room_images`
  ADD PRIMARY KEY (`sr_no`),
  ADD KEY `room_id` (`room_id`);

--
-- Chỉ mục cho bảng `settings`
--
ALTER TABLE `settings`
  ADD PRIMARY KEY (`sr_no`);

--
-- Chỉ mục cho bảng `team_details`
--
ALTER TABLE `team_details`
  ADD PRIMARY KEY (`sr_no`);

--
-- Chỉ mục cho bảng `user_cred`
--
ALTER TABLE `user_cred`
  ADD PRIMARY KEY (`id`);

--
-- Chỉ mục cho bảng `user_queries`
--
ALTER TABLE `user_queries`
  ADD PRIMARY KEY (`sr_no`);

--
-- AUTO_INCREMENT cho các bảng đã đổ
--

--
-- AUTO_INCREMENT cho bảng `admin_cred`
--
ALTER TABLE `admin_cred`
  MODIFY `sr_no` int(11) NOT NULL AUTO_INCREMENT, AUTO_INCREMENT=2;

--
-- AUTO_INCREMENT cho bảng `booking_details`
--
ALTER TABLE `booking_details`
  MODIFY `sr_no` int(11) NOT NULL AUTO_INCREMENT, AUTO_INCREMENT=9;

--
-- AUTO_INCREMENT cho bảng `booking_order`
--
ALTER TABLE `booking_order`
  MODIFY `booking_id` int(11) NOT NULL AUTO_INCREMENT, AUTO_INCREMENT=9;

--
-- AUTO_INCREMENT cho bảng `carousel`
--
ALTER TABLE `carousel`
  MODIFY `sr_no` int(11) NOT NULL AUTO_INCREMENT, AUTO_INCREMENT=11;

--
-- AUTO_INCREMENT cho bảng `contact_details`
--
ALTER TABLE `contact_details`
  MODIFY `sr_no` int(11) NOT NULL AUTO_INCREMENT, AUTO_INCREMENT=2;

--
-- AUTO_INCREMENT cho bảng `facilities`
--
ALTER TABLE `facilities`
  MODIFY `id` int(11) NOT NULL AUTO_INCREMENT, AUTO_INCREMENT=9;

--
-- AUTO_INCREMENT cho bảng `features`
--
ALTER TABLE `features`
  MODIFY `id` int(11) NOT NULL AUTO_INCREMENT, AUTO_INCREMENT=7;

--
-- AUTO_INCREMENT cho bảng `rooms`
--
ALTER TABLE `rooms`
  MODIFY `id` int(11) NOT NULL AUTO_INCREMENT, AUTO_INCREMENT=7;

--
-- AUTO_INCREMENT cho bảng `room_facilities`
--
ALTER TABLE `room_facilities`
  MODIFY `sr_no` int(11) NOT NULL AUTO_INCREMENT, AUTO_INCREMENT=47;

--
-- AUTO_INCREMENT cho bảng `room_features`
--
ALTER TABLE `room_features`
  MODIFY `sr_no` int(11) NOT NULL AUTO_INCREMENT, AUTO_INCREMENT=33;

--
-- AUTO_INCREMENT cho bảng `room_images`
--
ALTER TABLE `room_images`
  MODIFY `sr_no` int(11) NOT NULL AUTO_INCREMENT, AUTO_INCREMENT=9;

--
-- AUTO_INCREMENT cho bảng `settings`
--
ALTER TABLE `settings`
  MODIFY `sr_no` int(11) NOT NULL AUTO_INCREMENT, AUTO_INCREMENT=3;

--
-- AUTO_INCREMENT cho bảng `team_details`
--
ALTER TABLE `team_details`
  MODIFY `sr_no` int(11) NOT NULL AUTO_INCREMENT, AUTO_INCREMENT=12;

--
-- AUTO_INCREMENT cho bảng `user_cred`
--
ALTER TABLE `user_cred`
  MODIFY `id` int(11) NOT NULL AUTO_INCREMENT, AUTO_INCREMENT=10;

--
-- AUTO_INCREMENT cho bảng `user_queries`
--
ALTER TABLE `user_queries`
  MODIFY `sr_no` int(11) NOT NULL AUTO_INCREMENT, AUTO_INCREMENT=18;

--
-- Các ràng buộc cho các bảng đã đổ
--

--
-- Các ràng buộc cho bảng `booking_details`
--
ALTER TABLE `booking_details`
  ADD CONSTRAINT `booking_details_ibfk_1` FOREIGN KEY (`booking_id`) REFERENCES `booking_order` (`booking_id`);

--
-- Các ràng buộc cho bảng `booking_order`
--
ALTER TABLE `booking_order`
  ADD CONSTRAINT `booking_order_ibfk_1` FOREIGN KEY (`user_id`) REFERENCES `user_cred` (`id`),
  ADD CONSTRAINT `booking_order_ibfk_2` FOREIGN KEY (`room_id`) REFERENCES `rooms` (`id`);

--
-- Các ràng buộc cho bảng `room_facilities`
--
ALTER TABLE `room_facilities`
  ADD CONSTRAINT `facilities id` FOREIGN KEY (`facilities_id`) REFERENCES `facilities` (`id`) ON UPDATE NO ACTION,
  ADD CONSTRAINT `room id` FOREIGN KEY (`room_id`) REFERENCES `rooms` (`id`) ON UPDATE NO ACTION;

--
-- Các ràng buộc cho bảng `room_features`
--
ALTER TABLE `room_features`
  ADD CONSTRAINT `features id` FOREIGN KEY (`features_id`) REFERENCES `features` (`id`) ON UPDATE NO ACTION,
  ADD CONSTRAINT `rm id` FOREIGN KEY (`room_id`) REFERENCES `rooms` (`id`) ON UPDATE NO ACTION;

--
-- Các ràng buộc cho bảng `room_images`
--
ALTER TABLE `room_images`
  ADD CONSTRAINT `room_images_ibfk_1` FOREIGN KEY (`room_id`) REFERENCES `rooms` (`id`);
COMMIT;

/*!40101 SET CHARACTER_SET_CLIENT=@OLD_CHARACTER_SET_CLIENT */;
/*!40101 SET CHARACTER_SET_RESULTS=@OLD_CHARACTER_SET_RESULTS */;
/*!40101 SET COLLATION_CONNECTION=@OLD_COLLATION_CONNECTION */;
